variant	bytes	dump_lines	update_extent	clone	sha256
native_profile	21191468	220603	28968	0	a1aaf9f54e1ae2a23b6116fc95d5d1e53cbffa09f14f52e1dc2bab4680ceb3ce
uml_baseline	21074818	220603	28968	0	e1035cd0d887bf27b8135e1b1b206ba2bdc11db6b1fa4107b5ce3e327f3af317
uml_fixed_inode_cache	21074818	220603	28968	0	e1035cd0d887bf27b8135e1b1b206ba2bdc11db6b1fa4107b5ce3e327f3af317
uml_scalar_lookup	21074818	220603	28968	0	e1035cd0d887bf27b8135e1b1b206ba2bdc11db6b1fa4107b5ce3e327f3af317
uml_inode_cache_scalar	21074818	220603	28968	0	e1035cd0d887bf27b8135e1b1b206ba2bdc11db6b1fa4107b5ce3e327f3af317
uml_inode_cache_scalar_dir_item	21074818	220603	28968	0	e1035cd0d887bf27b8135e1b1b206ba2bdc11db6b1fa4107b5ce3e327f3af317
uml_inode_cache_scalar_dir_item_first_ref	21074818	220603	28968	0	e1035cd0d887bf27b8135e1b1b206ba2bdc11db6b1fa4107b5ce3e327f3af317
uml_stream_no_clone	21074818	220603	28968	0	e1035cd0d887bf27b8135e1b1b206ba2bdc11db6b1fa4107b5ce3e327f3af317
uml_write_coalesced	21074818	220603	28968	0	e1035cd0d887bf27b8135e1b1b206ba2bdc11db6b1fa4107b5ce3e327f3af317
uml_cached_utimes	21074818	220603	28968	0	e1035cd0d887bf27b8135e1b1b206ba2bdc11db6b1fa4107b5ce3e327f3af317
uml_v2_write_coalesced	21980130	220603	28968	0	0f34af5b38d30c5616af1902ea3e0c682bdb87534e849537a89e4d95516400af
uml_v2_cached_utimes	21980130	220603	28968	0	0f34af5b38d30c5616af1902ea3e0c682bdb87534e849537a89e4d95516400af
